CREATE DATABASE amazfit;
USE amazfit;
CREATE TABLE UsuVen (
    emailVen VARCHAR(100) PRIMARY KEY,
    password VARCHAR(50) NOT NULL,
    nombre VARCHAR(50) NOT NULL,
    apellido VARCHAR(50) NULL,
    telefono INT(12) NOT NULL,
    cif VARCHAR(9) NOT NULL,
    direccion VARCHAR(255) NOT NULL
);

CREATE TABLE UsuCli (
    emailCli VARCHAR(100) PRIMARY KEY,
    password VARCHAR(50) NOT NULL,
    nombre VARCHAR(50) NOT NULL,
    apellido VARCHAR(50) NOT NULL,
    telefono INT(12) NULL,
    fechaNacimiento DATE NULL
);

CREATE TABLE UsuCon (
    emailCon VARCHAR(100) PRIMARY KEY,
    password VARCHAR(50) NOT NULL,
    nombre VARCHAR(50) NOT NULL,
    apellido VARCHAR(50)
);

CREATE TABLE Zona (
    idZona INT(11) PRIMARY KEY AUTO_INCREMENT,
    nombre VARCHAR(100) NOT NULL,
    emailCon VARCHAR(100) NOT NULL,
    FOREIGN KEY (emailCon) REFERENCES UsuCon(emailCon)
);

CREATE TABLE Distribuidora (
    cif VARCHAR(9) PRIMARY KEY,
    nombre VARCHAR(100) NOT NULL
);

CREATE TABLE Categoria (nombreCat VARCHAR(100) PRIMARY KEY);

CREATE TABLE Direccion (
    idDireccion INT(11) PRIMARY KEY AUTO_INCREMENT,
    calle VARCHAR(255) NOT NULL,
    poblacion VARCHAR(255) NOT NULL,
    provincia VARCHAR(255) NOT NULL,
    codigoPostal VARCHAR(5) NOT NULL,
    pais VARCHAR(100),
    emailCli VARCHAR(100) NOT NULL,
    idZona INT(11) NOT NULL,
    FOREIGN KEY (emailCli) REFERENCES UsuCli(emailCli),
    FOREIGN KEY (idZona) REFERENCES Zona(idZona)
);

CREATE TABLE Carrito (
    idCarrito INT(11) PRIMARY KEY AUTO_INCREMENT,
    fecha DATE NOT NULL,
    hora TIME NOT NULL,
    totalPagar DECIMAL(10, 2) NOT NULL,
    transaccion VARCHAR(100),
    fechaEnvio DATE,
    fechaEntrega DATE,
    estadoPedido VARCHAR(255) NOT NULL,
    emailCli VARCHAR(100) NOT NULL,
    idDireccion INT(11) NOT NULL,
    FOREIGN KEY (emailCli) REFERENCES UsuCli (emailCli),
    FOREIGN KEY (idDireccion) REFERENCES Direccion (idDireccion)
);

CREATE TABLE Incidencia (
    idIncidencia INT(11) PRIMARY KEY AUTO_INCREMENT,
    fecha DATE,
    hora TIME,
    motivo VARCHAR(255) NOT NULL,
    cif VARCHAR(9) NOT NULL,
    FOREIGN KEY (cif) REFERENCES Distribuidora(cif)
);

CREATE TABLE Producto (
    idProducto INT (11) PRIMARY KEY AUTO_INCREMENT,
    nombre VARCHAR(100) NOT NULL,
    descripcion VARCHAR(255) NOT NULL,
    precio DECIMAL(10, 2) NOT NULL,
    descuento INT(3),
    stock INT NOT NULL,
    activo BOOLEAN NOT NULL,
    nombreCat VARCHAR(100) NOT NULL,
    FOREIGN KEY (nombreCat) REFERENCES Categoria(nombreCat)
);

CREATE TABLE DistribuidoraZona (
    cif VARCHAR(9) NOT NULL,
    idZona INT NOT NULL,
    PRIMARY KEY (cif, idZona),
    FOREIGN KEY (idZona) REFERENCES Zona(idZona),
    FOREIGN KEY (cif) REFERENCES Distribuidora(cif)
);

CREATE TABLE Caracteristica (
    idCaracteristica INT (11) PRIMARY KEY AUTO_INCREMENT,
    color VARCHAR(50) NULL,
    talla VARCHAR(50) NULL,
    emailVen VARCHAR(100) NOT NULL,
    idProducto INT(11) NOT NULL,
    FOREIGN KEY (emailVen) REFERENCES UsuVen(emailVen),
    FOREIGN KEY (idProducto) REFERENCES Producto(idProducto)
);

CREATE TABLE Cantidad (
    cantidad INT(4) NOT NULL,
    idCaracteristica INT (11) NOT NULL,
    idCarrito INT(11) NOT NULL,
    emailCon VARCHAR(100) NOT NULL,
    PRIMARY KEY (idCaracteristica, idCarrito, emailCon),
    FOREIGN KEY (idCarrito) REFERENCES Carrito(idCarrito),
    FOREIGN KEY (idCaracteristica) REFERENCES Caracteristica(idCaracteristica),
    FOREIGN KEY (emailCon) REFERENCES UsuCon(emailCon)
);


-- INSERTS 
INSERT INTO `UsuVen` (`emailVen`, `password`, `nombre`, `apellido`, `telefono`, `cif`, `direccion`) VALUES
('bsn@proveedor.com', '456789', 'BSN', NULL, 987654321, 'CIF67890', 'Camino Fitness 101, Ciudad Fortaleza, 10987'),
('cellucor@proveedor.com', '890123', 'Cellucor', NULL, 444555666, 'CIFPQRST4', 'Boulevard Salud 505, Barrio Energético, 12345'),
('dymatize@proveedor.com', '567890', 'Dymatize', NULL, 111223344, 'CIFABCDE1', 'Calle Energía 210, Urbanización Vital, 54321'),
('musclepharm@proveedor.com', '789012', 'MusclePharm', NULL, 888999000, 'CIFKLMNO3', 'Paseo Nutrición 303, Villa Fitness, 45678'),
('nowfoods@proveedor.com', '012345', 'Now Foods', NULL, 123000456, 'CIF12345A', 'Calle Wellness 404, Urbanización Activa, 34567'),
('optimum@proveedor.com', '345678', 'Optimum Nutrition', NULL, 123456789, 'CIF12345', 'Plaza Saludable 789, Pueblo Energético, 67890'),
('proveedor@myprotein.com', '12345678', 'My Protein', NULL, 972492320, 'A17028366', 'CALLE CREUS (PG INDUSTRIAL CELRA), S/N - PAR B-9 - 17460 CELRA (Gerona)'),
('proveedor@prozis.com', '1234', 'Prozis', '', 911982553, 'B06828909', 'CALLE ROSALIA DE CASTRO, 41 1º E. 36201, VIGO, PONTEVEDRA'),
('scivation@proveedor.com', '678901', 'Scivation', NULL, 555666777, 'CIFFGHIJ2', 'Avenida Activa 789, Residencial Salud, 98765'),
('universal@proveedor.com', '901234', 'Universal Nutrition', NULL, 999000111, 'CIFUVWXYZ', 'Avenida Fitness 909, Ciudad Salud, 67890');

INSERT INTO `UsuCon` (`emailCon`, `password`, `nombre`, `apellido`) VALUES
('admin@amazfit.com', '123456', 'Alejandro', 'Duarte'),
('alejandro.hernandez@amazfit.com', 'password9', 'Alejandro', 'Hernandez'),
('ana.martinez@amazfit.com', 'password2', 'Ana', 'Martinez'),
('carlos.sanchez@amazfit.com', 'password3', 'Carlos', 'Sanchez'),
('carmen.diaz@amazfit.com', 'password10', 'Carmen', 'Diaz'),
('diego.gomez@amazfit.com', 'password7', 'Diego', 'Gomez'),
('elena.fernandez@amazfit.com', 'password8', 'Elena', 'Fernandez'),
('javier.lopez@amazfit.com', 'password5', 'Javier', 'Lopez'),
('juan.gonzalez@amazfit.com', 'password1', 'Juan', 'Gonzalez'),
('laura.perez@amazfit.com', 'password4', 'Laura', 'Perez'),
('maria.rodriguez@amazfit.com', 'password6', 'Maria', 'Rodriguez');

INSERT INTO `UsuCli` (`emailCli`, `password`, `nombre`, `apellido`, `telefono`, `fechaNacimiento`) VALUES
('alebordon111@gmail.com', '123456', 'Alejandro', 'Bordón Duarte', 123456789, '2001-11-02'),
('anacastro@gmail.com', 'zxcvbnml', 'Ana', 'Castro López', 555666777, '1990-03-22'),
('carlosruiz@gmail.com', 'poiuytrew', 'Carlos', 'Ruiz Martínez', NULL, NULL),
('diegomartinez@gmail.com', 'asdfghjk', 'Diego', 'Martínez Gutiérrez', NULL, NULL),
('javierortega@gmail.com', 'abcdefgh', 'Javier', 'Ortega Sánchez', NULL, NULL),
('juanperez@gmail.com', 'qazwsxed', 'Juan', 'Pérez García', 999888777, '1980-11-30'),
('lauragomez@gmail.com', 'qweasdzx', 'Laura', 'Gómez Pérez', 987654321, '1995-08-15'),
('mariaruiz@gmail.com', '65432109', 'María', 'Ruiz Fernández', 666777888, '1992-04-25'),
('marinavelazquez@gmail.com', '1a2b3c4d', 'Marina', 'Velázquez Rodríguez', 111222333, '1983-05-18'),
('pedrorodri@gmail.com', '12345678', 'Pedro', 'Rodríguez', NULL, NULL),
('sergionunez@gmail.com', '09876543', 'Sergio', 'Núñez González', 123789456, '1987-12-10'),
('sofiatorres@gmail.com', '56789012', 'Sofía', 'Torres Martín', 555444333, '1998-07-09');

INSERT INTO `Zona` (`idZona`, `nombre`, `emailCon`) VALUES
(1, 'Valldemossa', 'admin@amazfit.com'),
(2, 'Madrid', 'admin@amazfit.com'),
(3, 'Barcelona', 'admin@amazfit.com'),
(4, 'Sevilla', 'admin@amazfit.com'),
(5, 'Valencia', 'admin@amazfit.com'),
(6, 'Alaró', 'admin@amazfit.com'),
(7, 'Alaior', 'admin@amazfit.com'),
(8, 'Alcúdia', 'admin@amazfit.com'),
(9, 'Algaida', 'admin@amazfit.com'),
(10, 'Andratx', 'admin@amazfit.com'),
(11, 'Ariany', 'admin@amazfit.com'),
(12, 'Artà', 'admin@amazfit.com'),
(13, 'Banyalbufar', 'admin@amazfit.com'),
(14, 'Binissalem', 'admin@amazfit.com'),
(15, 'Búger', 'admin@amazfit.com'),
(16, 'Bunyola', 'admin@amazfit.com'),
(17, 'Campanet', 'admin@amazfit.com'),
(18, 'Campos', 'admin@amazfit.com'),
(19, 'Capdepera', 'admin@amazfit.com'),
(20, 'Ciutadella de Menorca', 'admin@amazfit.com'),
(21, 'Consell', 'admin@amazfit.com'),
(22, 'Costitx', 'admin@amazfit.com'),
(23, 'Deià', 'admin@amazfit.com'),
(24, 'Escorca', 'admin@amazfit.com'),
(25, 'Esporles', 'admin@amazfit.com'),
(26, 'Estellencs', 'admin@amazfit.com'),
(27, 'Felanitx', 'admin@amazfit.com'),
(28, 'Ferreries', 'admin@amazfit.com'),
(29, 'Formentera', 'admin@amazfit.com'),
(30, 'Fornalutx', 'admin@amazfit.com'),
(31, 'Eivissa', 'admin@amazfit.com'),
(32, 'Inca', 'admin@amazfit.com'),
(33, 'Lloret de Vistalegre', 'admin@amazfit.com'),
(34, 'Lloseta', 'admin@amazfit.com'),
(35, 'Llubí', 'admin@amazfit.com'),
(36, 'Llucmajor', 'admin@amazfit.com'),
(37, 'Maó', 'admin@amazfit.com'),
(38, 'Manacor', 'admin@amazfit.com'),
(39, 'Mancor de la Vall', 'admin@amazfit.com'),
(40, 'Maria de la Salut', 'admin@amazfit.com'),
(41, 'Marratxí', 'admin@amazfit.com'),
(42, 'Es Mercadal', 'admin@amazfit.com'),
(43, 'Montuïri', 'admin@amazfit.com'),
(44, 'Muro', 'admin@amazfit.com'),
(45, 'Palma', 'admin@amazfit.com'),
(46, 'Petra', 'admin@amazfit.com'),
(47, 'Pollença', 'admin@amazfit.com'),
(48, 'Porreres', 'admin@amazfit.com'),
(49, 'Sa Pobla', 'admin@amazfit.com'),
(50, 'Puigpunyent', 'admin@amazfit.com'),
(51, 'Ses Salines', 'admin@amazfit.com'),
(52, 'Sant Antoni de Portmany', 'admin@amazfit.com'),
(53, 'Es Migjorn Gran', 'admin@amazfit.com'),
(54, 'Sant Josep de sa Talaia', 'admin@amazfit.com'),
(55, 'Sant Joan', 'admin@amazfit.com'),
(56, 'Sant Joan de Labritja', 'admin@amazfit.com'),
(57, 'Sant Llorenç des Cardassar', 'admin@amazfit.com'),
(58, 'Sant Lluís', 'admin@amazfit.com'),
(59, 'Sencelles', 'admin@amazfit.com'),
(60, 'Santa Eugènia', 'admin@amazfit.com'),
(61, 'Santa Eulària des Riu', 'admin@amazfit.com'),
(62, 'Santa Margalida', 'admin@amazfit.com'),
(63, 'Santa María del Camí', 'admin@amazfit.com'),
(64, 'Santanyí', 'admin@amazfit.com'),
(65, 'Selva', 'admin@amazfit.com'),
(66, 'Sineu', 'admin@amazfit.com'),
(67, 'Sóller', 'admin@amazfit.com'),
(68, 'Son Servera', 'admin@amazfit.com'),
(69, 'Es Castell', 'admin@amazfit.com'),
(70, 'Vilafranca de Bonany', 'admin@amazfit.com');

INSERT INTO `Direccion` (`idDireccion`, `calle`, `poblacion`, `provincia`, `codigoPostal`, `pais`, `emailCli`, `idZona`) VALUES
(1, 'Carré Arxiduc', 'Valldemossa', 'Illes Balears', '07170', 'España', 'alebordon111@gmail.com', 1);

INSERT INTO `Categoria` (`nombreCat`) VALUES
('calcetines'),
('camisetaH'),
('camisetaM'),
('cascos'),
('chanclas'),
('creatina'),
('crop_top'),
('energia'),
('gorras'),
('leggins'),
('mochilas'),
('pantalon_corto'),
('pantalon_cortoM'),
('pantalon_largo'),
('pre_workout'),
('proteina'),
('sudaderaH'),
('sudaderaM'),
('tirantes');

INSERT INTO `Producto` (`idProducto`, `nombre`, `descripcion`, `precio`, `descuento`, `stock`, `activo`, `nombreCat`) VALUES
(1, 'Creatina Monohidratada en Polvo', 'Suplemento para aumentar la energía muscular', 29.99, 0, 100, 1, 'creatina'),
(2, 'Creatina Kre-Alkalyn', 'Fórmula avanzada de creatina para mejor absorción', 39.99, 0, 80, 1, 'creatina'),
(3, 'Proteína Whey Isolate', 'Proteína de suero de leche aislada para desarrollo muscular', 49.99, 5, 120, 1, 'proteina'),
(4, 'Proteína Vegana en Polvo', 'Proteína a base de plantas para vegetarianos y veganos', 34.99, 0, 90, 1, 'proteina'),
(5, 'Pre-entrenamiento Explosivo', 'Fórmula intensa para un entrenamiento de alto rendimiento', 54.99, 0, 100, 1, 'pre_workout'),
(6, 'Bebida Energética con Electrolitos', 'Recarga rápida de energía con electrolitos', 2.99, 0, 150, 1, 'energia'),
(7, 'Camiseta Deportiva Hombre Dry-Fit', 'Camiseta transpirable y de secado rápido', 24.99, 0, 70, 1, 'camisetaH'),
(8, 'Camiseta Deportiva Hombre de Compresión', 'Camiseta ajustada para mejorar el rendimiento', 29.99, 0, 60, 1, 'camisetaH'),
(9, 'Camiseta Deportiva Hombre de Manga Larga', 'Camiseta ideal para entrenamientos al aire libre', 34.99, 0, 50, 1, 'camisetaH'),
(10, 'Pantalón Corto Deportivo Unisex', 'Pantalón corto cómodo para entrenamientos', 19.99, 0, 80, 1, 'pantalon_corto'),
(11, 'Pantalón Largo de Compresión', 'Pantalón largo ajustado para mayor sujeción muscular', 39.99, 0, 60, 1, 'pantalon_largo'),
(12, 'Crop Top Deportivo para Mujer', 'Top corto ideal para entrenamientos de alta intensidad', 29.99, 0, 70, 1, 'crop_top'),
(13, 'Gorra Deportiva con Logo', 'Gorra transpirable con diseño deportivo', 14.99, 0, 100, 1, 'gorras'),
(14, 'Mochila Deportiva Resistente al Agua', 'Mochila con compartimentos para llevar tus pertenencias', 49.99, 0, 30, 1, 'mochilas'),
(15, 'Calcetines Deportivos Antideslizantes', 'Calcetines cómodos y antideslizantes para entrenamientos', 9.99, 0, 120, 1, 'calcetines'),
(16, 'Chanclas Deportivas para Ducha', 'Chanclas cómodas y resistentes al agua', 19.99, 0, 50, 1, 'chanclas'),
(17, 'Proteína de Caseína', 'Proteína de absorción lenta para mantener el anabolismo nocturno', 44.99, 0, 70, 1, 'proteina'),
(18, 'Pre-entrenamiento Sin Cafeína', 'Fórmula para entrenamientos nocturnos o sensibles a la cafeína', 49.99, 0, 80, 1, 'pre_workout'),
(19, 'Bebida Energética con BCAAs', 'Energía rápida y aminoácidos esenciales para la recuperación muscular', 3.99, 0, 100, 1, 'energia'),
(20, 'Sudadera con Capucha Hombre', 'Sudadera cómoda y abrigada para días frescos', 39.99, 0, 60, 1, 'sudaderaH'),
(21, 'Sudadera sin Capucha Mujer', 'Sudadera elegante y cómoda para mujeres activas', 34.99, 0, 50, 1, 'sudaderaM'),
(22, 'Pantalón Corto Mujer de Secado Rápido', 'Pantalón corto para mujeres con tecnología de secado rápido', 24.99, 0, 90, 1, 'pantalon_cortoM'),
(23, 'Leggings Deportivos con Estampado', 'Leggings cómodos y a la moda para actividades deportivas', 29.99, 0, 70, 1, 'leggins'),
(24, 'Casco de Ciclismo Ligero', 'Casco aerodinámico y seguro para ciclistas', 59.99, 0, 40, 1, 'cascos'),
(25, 'Crop Top Deportivo con Espalda Abierta', 'Crop top con diseño moderno para entrenamientos intensos', 27.99, 0, 80, 1, 'crop_top'),
(26, 'Pantalón Largo de Compresión Mujer', 'Pantalón largo ajustado para mujeres que buscan soporte muscular', 37.99, 0, 60, 1, 'pantalon_largo'),
(27, 'Gorra Deportiva Reflectante', 'Gorra reflectante para corredores que entrenan de noche', 17.99, 0, 100, 1, 'gorras'),
(28, 'Mochila Deportiva con Compartimento para Portátil', 'Mochila versátil con espacio para dispositivos electrónicos', 54.99, 0, 30, 1, 'mochilas'),
(29, 'Calcetines Deportivos de Compresión Graduada', 'Calcetines ajustados para mejorar la circulación sanguínea', 14.99, 0, 100, 1, 'calcetines'),
(30, 'Chanclas con Plantilla Acolchada', 'Chanclas cómodas con plantilla acolchada para mayor confort', 22.99, 0, 40, 1, 'chanclas'),
(31, 'Shaker para Batidos', 'Mezclador de batidos con tapa hermética', 7.99, 0, 150, 1, 'energia'),
(32, 'Leggings Deportivos con Bolsillos', 'Leggings cómodos con espacio para llevar tus pertenencias', 34.99, 0, 80, 1, 'leggins'),
(33, 'Gorra de Running Ultraligera', 'Gorra diseñada para corredores, ultraligera y transpirable', 19.99, 0, 100, 1, 'gorras'),
(34, 'Mochila de Entrenamiento', 'Mochila espaciosa con compartimentos para llevar tus accesorios', 39.99, 0, 60, 1, 'mochilas'),
(35, 'Pantalón Corto Mujer con Estampado', 'Pantalón corto femenino con diseño a la moda', 26.99, 0, 90, 1, 'pantalon_cortoM'),
(36, 'Calcetines Deportivos Reflectantes', 'Calcetines reflectantes para mayor visibilidad en actividades nocturnas', 11.99, 0, 120, 1, 'calcetines'),
(37, 'Camiseta Deportiva Hombre Dry-Fit V2', 'Camiseta transpirable y de secado rápido versión mejorada', 29.99, 0, 70, 1, 'camisetaH'),
(38, 'Sudadera con Capucha Mujer V2', 'Sudadera cómoda y abrigada para mujeres versión mejorada', 42.99, 0, 50, 1, 'sudaderaM'),
(39, 'Bebida Energética con Ginseng', 'Energía instantánea con beneficios del ginseng', 3.99, 0, 100, 1, 'energia'),
(40, 'Gorro de Punto Unisex', 'Gorro de punto para mantener la cabeza abrigada en días fríos', 15.99, 0, 80, 1, 'gorras'),
(41, 'Pantalón Largo Deportivo con Bolsillos', 'Pantalón largo con bolsillos para llevar tus pertenencias cómodamente', 37.99, 0, 70, 1, 'pantalon_largo'),
(42, 'Top Deportivo con Soporte', 'Top deportivo con diseño elegante y soporte adicional', 32.99, 0, 60, 1, 'crop_top'),
(43, 'Visera Deportiva Anti UV', 'Visera con protección UV para entrenamientos al aire libre', 14.99, 0, 100, 1, 'gorras'),
(44, 'Mochila de Hidratación', 'Mochila con sistema de hidratación ideal para actividades al aire libre', 49.99, 0, 40, 1, 'mochilas'),
(45, 'Calcetines Térmicos para Invierno', 'Calcetines térmicos para mantener los pies calientes en climas fríos', 16.99, 0, 80, 1, 'calcetines'),
(46, 'Camiseta Deportiva Mujer Dry-Fit', 'Camiseta transpirable y de secado rápido diseñada para mujeres', 27.99, 0, 50, 1, 'camisetaM'),
(47, 'Sudadera con Capucha Hombre V2', 'Sudadera cómoda y abrigada para hombres versión mejorada', 44.99, 0, 40, 1, 'sudaderaH'),
(48, 'Bebida Energética con Taurina', 'Bebida energética con taurina para un impulso adicional', 3.99, 0, 120, 1, 'energia'),
(49, 'Gorro Deportivo de Secado Rápido', 'Gorro diseñado para mantener la cabeza seca durante los entrenamientos', 18.99, 0, 90, 1, 'gorras'),
(50, 'Pantalón Corto de Running Unisex', 'Pantalón corto ligero y transpirable para corredores', 24.99, 0, 80, 1, 'pantalon_corto'),
(51, 'Leggings Deportivos de Compresión', 'Leggings ajustados para un soporte muscular adicional', 29.99, 0, 60, 1, 'leggins'),
(52, 'Gorra Deportiva con Visera Curva', 'Gorra deportiva con diseño moderno y visera curva', 16.99, 0, 100, 1, 'gorras'),
(53, 'Mochila de Viaje con Compartimento para Portátil', 'Mochila versátil ideal para viajes con espacio para portátil', 54.99, 0, 30, 1, 'mochilas'),
(54, 'Calcetines Deportivos Antibacterianos', 'Calcetines con propiedades antibacterianas para una mayor higiene', 11.99, 0, 100, 1, 'calcetines'),
(55, 'Camiseta Deportiva Hombre Sin Mangas', 'Camiseta sin mangas para entrenamientos más frescos', 19.99, 0, 70, 1, 'camisetaH'),
(56, 'Sudadera con Capucha Mujer V3', 'Sudadera cómoda y abrigada para mujeres versión mejorada', 47.99, 0, 40, 1, 'sudaderaM'),
(57, 'Bebida Energética con Electrolitos y Caféína', 'Bebida energética con electrolitos y cafeína para un impulso extra', 4.99, 0, 90, 1, 'energia'),
(58, 'Gorro Deportivo con Diseño Reflectante', 'Gorro deportivo con diseño reflectante para mayor visibilidad', 22.99, 0, 80, 1, 'gorras'),
(59, 'Mochila Deportiva con Bolsillo para Zapatos', 'Mochila especializada con compartimento para llevar tus zapatos', 59.99, 0, 20, 1, 'mochilas'),
(132, 'Gorra Deportiva de Malla Transpirable', 'Gorra deportiva con diseño de malla para una mejor ventilación', 18.99, 0, 100, 1, 'gorras'),
(133, 'Mochila Térmica para Alimentos', 'Mochila diseñada para llevar alimentos y mantenerlos frescos', 39.99, 0, 30, 1, 'mochilas'),
(134, 'Calcetines Deportivos con Compresión', 'Calcetines con tecnología de compresión para mejorar la circulación', 17.99, 0, 90, 1, 'calcetines'),
(135, 'Camiseta Deportiva Manga Corta', 'Camiseta cómoda y transpirable para entrenamientos intensos', 22.99, 0, 70, 1, 'camisetaH'),
(136, 'Sudadera Ligera con Capucha', 'Sudadera ligera ideal para climas templados durante el ejercicio', 37.99, 0, 50, 1, 'sudaderaH'),
(137, 'Bebida Energética con BCAAs y Electrolytes', 'Bebida energética con aminoácidos y electrolitos para recuperación', 5.99, 0, 100, 1, 'energia'),
(138, 'Gorro Deportivo con Diseño Moderno', 'Gorro deportivo con diseño moderno para un estilo único', 21.99, 0, 80, 1, 'gorras'),
(139, 'Mochila Deportiva con Compartimento para Laptop', 'Mochila versátil con espacio para llevar tu laptop con comodidad', 49.99, 0, 30, 1, 'mochilas'),
(140, 'Gorra Deportiva con Logo Reflectante', 'Gorra deportiva con logo reflectante para mayor visibilidad', 19.99, 0, 100, 1, 'gorras'),
(141, 'Mochila Deportiva con Compartimento para Yoga Mat', 'Mochila con espacio para llevar tu esterilla de yoga', 44.99, 0, 30, 1, 'mochilas'),
(142, 'Calcetines Deportivos con Diseño Divertido', 'Calcetines deportivos con diseño divertido para alegrar tus entrenamientos', 13.99, 0, 90, 1, 'calcetines'),
(143, 'Camiseta Deportiva Manga Larga Hombre', 'Camiseta de manga larga para entrenamientos en climas frescos', 26.99, 0, 50, 1, 'camisetaH'),
(144, 'Sudadera con Capucha y Cremallera', 'Sudadera con capucha y cremallera para ajuste personalizado', 42.99, 0, 40, 1, 'sudaderaH'),
(145, 'Bebida Energética Natural sin Azúcar', 'Bebida energética natural sin azúcar para una opción más saludable', 6.99, 0, 80, 1, 'energia'),
(146, 'Gorro Deportivo con Estilo Vintage', 'Gorro deportivo con diseño vintage para un look retro', 24.99, 0, 70, 1, 'gorras'),
(147, 'Mochila Deportiva con Compartimento para Botella', 'Mochila con espacio para llevar tu botella de agua de forma conveniente', 52.99, 0, 30, 1, 'mochilas'),
(148, 'Leggings Deportivos de Alta Compresión', 'Leggings ajustados para un soporte muscular máximo', 32.99, 0, 70, 1, 'leggins'),
(149, 'Calcetines Térmicos para Invierno', 'Calcetines térmicos ideales para entrenamientos en climas fríos', 18.99, 0, 60, 1, 'calcetines'),
(150, 'Camiseta Deportiva Sin Mangas Mujer', 'Camiseta sin mangas para una mayor libertad de movimiento', 23.99, 0, 50, 1, 'camisetaM'),
(151, 'Gorra Deportiva de Secado Rápido', 'Gorra deportiva con tecnología de secado rápido', 16.99, 0, 100, 1, 'gorras'),
(152, 'Mochila Deportiva con Bolsillo para Laptop', 'Mochila con compartimento acolchado para llevar tu laptop', 48.99, 0, 30, 1, 'mochilas'),
(153, 'Sudadera con Capucha y Cremallera Mujer', 'Sudadera con capucha y cremallera para mujeres activas', 39.99, 0, 60, 1, 'sudaderaM'),
(154, 'Bebida Energética con Sabor a Frutas', 'Bebida energética refrescante con delicioso sabor a frutas', 4.99, 0, 100, 1, 'energia'),
(155, 'Gorro Deportivo con Estampado Abstracto', 'Gorro deportivo con diseño abstracto para un toque artístico', 20.99, 0, 80, 1, 'gorras'),
(156, 'Mochila Deportiva con Compartimento para Ropa', 'Mochila con espacio especial para llevar tu ropa de entrenamiento', 54.99, 0, 30, 1, 'mochilas'),
(157, 'Calcetines Deportivos Reflectantes', 'Calcetines deportivos con detalles reflectantes para mayor visibilidad', 14.99, 0, 80, 1, 'calcetines'),
(158, 'Camiseta Deportiva Manga Corta Hombre', 'Camiseta de manga corta para entrenamientos intensivos', 27.99, 0, 60, 1, 'camisetaH'),
(159, 'Sudadera con Capucha y Bolsillos', 'Sudadera con capucha y bolsillos para mayor comodidad', 37.99, 0, 50, 1, 'sudaderaH'),
(160, 'Leggings Deportivos con Detalle Mesh', 'Leggings deportivos con detalles de malla para ventilación', 29.99, 0, 60, 1, 'leggins'),
(161, 'Gorro Deportivo Ajustable', 'Gorro deportivo con diseño ajustable para un ajuste perfecto', 18.99, 0, 90, 1, 'gorras'),
(162, 'Mochila Deportiva con Compartimento para Zapatos', 'Mochila con espacio especial para llevar tus zapatos deportivos', 44.99, 0, 40, 1, 'mochilas'),
(163, 'Pantalón Largo Deportivo Unisex', 'Pantalón largo cómodo para entrenamientos en climas frescos', 34.99, 0, 50, 1, 'pantalon_largo'),
(164, 'Bebida Energética con Electrolytes', 'Bebida energética con electrolitos para una rápida hidratación', 5.99, 0, 100, 1, 'energia'),
(165, 'Gorra Deportiva con Logo Bordado', 'Gorra deportiva con logo bordado para un estilo clásico', 22.99, 0, 70, 1, 'gorras'),
(166, 'Calcetines Deportivos con Tecnología Dry-Fit', 'Calcetines transpirables para mantener tus pies secos', 16.99, 0, 80, 1, 'calcetines'),
(167, 'Camiseta Deportiva Manga Larga Hombre', 'Camiseta de manga larga para entrenamientos al aire libre', 32.99, 0, 50, 1, 'camisetaH'),
(168, 'Sudadera con Capucha y Cierre Completo', 'Sudadera con capucha y cierre completo para mayor versatilidad', 42.99, 0, 40, 1, 'sudaderaH'),
(169, 'Leggings Deportivos con Estampado Floral', 'Leggings deportivos con un elegante estampado floral', 34.99, 0, 50, 1, 'leggins'),
(170, 'Gorra Deportiva Ligera con Visera Curva', 'Gorra deportiva ligera con visera curva para un estilo moderno', 19.99, 0, 80, 1, 'gorras'),
(171, 'Mochila Deportiva con Compartimento para Portaobjetos', 'Mochila con compartimento especial para llevar objetos personales', 49.99, 0, 30, 1, 'mochilas'),
(172, 'Pantalón Largo Deportivo Unisex de Compresión', 'Pantalón largo de compresión para un soporte muscular óptimo', 37.99, 0, 40, 1, 'pantalon_largo'),
(173, 'Bebida Energética con Sabor a Frutas Tropicales', 'Bebida energética refrescante con el delicioso sabor de frutas tropicales', 6.99, 0, 90, 1, 'energia'),
(174, 'Gorro Deportivo con Diseño Gráfico', 'Gorro deportivo con diseño gráfico para un toque único', 24.99, 0, 70, 1, 'gorras');

INSERT INTO `Caracteristica` (`idCaracteristica`, `color`, `talla`, `emailVen`, `idProducto`) VALUES
(1, 'Chocolate', '250', 'proveedor@prozis.com', 1),
(2, 'Chocolate', '500', 'proveedor@prozis.com', 1),
(3, 'Chocolate', '1000', 'proveedor@prozis.com', 1),
(4, 'Vainilla', '250', 'proveedor@prozis.com', 1),
(5, 'Vainilla', '500', 'proveedor@prozis.com', 1),
(6, 'Vainilla', '1000', 'proveedor@prozis.com', 1),
(7, 'Sin sabor', '250', 'proveedor@prozis.com', 1),
(8, 'Sin sabor', '500', 'proveedor@prozis.com', 1),
(9, 'Sin sabor', '1000', 'proveedor@prozis.com', 1),
(10, 'Sin sabor', '250', 'proveedor@prozis.com', 2),
(11, 'Sin sabor', '500', 'proveedor@prozis.com', 2),
(12, 'Sin sabor', '1000', 'proveedor@prozis.com', 2),
(13, 'Sin sabor', '2500', 'proveedor@prozis.com', 2),
(14, 'Chocolate', '250', 'proveedor@prozis.com', 3),
(15, 'Chocolate', '500', 'proveedor@prozis.com', 3),
(16, 'Chocolate', '1000', 'proveedor@prozis.com', 3),
(17, 'Vainilla', '250', 'proveedor@prozis.com', 3),
(18, 'Vainilla', '500', 'proveedor@prozis.com', 3),
(19, 'Vainilla', '1000', 'proveedor@prozis.com', 3),
(20, 'Caramelo', '250', 'proveedor@prozis.com', 3),
(21, 'Caramelo', '500', 'proveedor@prozis.com', 3),
(22, 'Caramelo', '1000', 'proveedor@prozis.com', 3),
(23, 'Caramelo', '2500', 'proveedor@prozis.com', 3),
(24, 'Sin sabor', '250', 'proveedor@prozis.com', 3),
(25, 'Sin sabor', '500', 'proveedor@prozis.com', 3),
(26, 'Sin sabor', '1000', 'proveedor@prozis.com', 3),
(27, 'Sin sabor', '2500', 'proveedor@prozis.com', 3),
(28, 'Chocolate Blanco', '250', 'proveedor@prozis.com', 4),
(29, 'Chocolate Blanco', '500', 'proveedor@prozis.com', 4),
(30, 'Chocolate Blanco', '1000', 'proveedor@prozis.com', 4),
(31, 'Vainilla', '250', 'proveedor@prozis.com', 4),
(32, 'Vainilla', '500', 'proveedor@prozis.com', 4),
(33, 'Vainilla', '1000', 'proveedor@prozis.com', 4),
(34, 'Caramelo', '250', 'proveedor@prozis.com', 4),
(35, 'Caramelo', '500', 'proveedor@prozis.com', 4),
(36, 'Caramelo', '1000', 'proveedor@prozis.com', 4),
(37, 'Caramelo', '2500', 'proveedor@prozis.com', 4),
(38, 'Sin sabor', '250', 'proveedor@prozis.com', 4),
(39, 'Sin sabor', '500', 'proveedor@prozis.com', 4),
(40, 'Sin sabor', '1000', 'proveedor@prozis.com', 4),
(41, 'Sin sabor', '2500', 'proveedor@prozis.com', 4),
(42, 'Fresa', '250', 'proveedor@prozis.com', 5),
(43, 'Fresa', '500', 'proveedor@prozis.com', 5),
(44, 'Fresa', '1000', 'proveedor@prozis.com', 5),
(45, 'Uva', '250', 'proveedor@prozis.com', 5),
(46, 'Uva', '500', 'proveedor@prozis.com', 5),
(47, 'Fresa', '330', 'proveedor@prozis.com', 6),
(48, 'Fresa', '500', 'proveedor@prozis.com', 6),
(49, 'Sin azúcar', '330', 'proveedor@prozis.com', 6),
(50, 'Sin azúcar', '500', 'proveedor@prozis.com', 6),
(51, 'Negro', 'L', 'proveedor@prozis.com', 7),
(52, 'Azul', 'S', 'proveedor@prozis.com', 8),
(53, 'Rojo', 'XL', 'proveedor@prozis.com', 9),
(54, 'Blanco', 'M', 'proveedor@prozis.com', 10),
(55, 'Gris', 'L', 'proveedor@prozis.com', 11),
(56, 'Verde', 'S', 'proveedor@prozis.com', 12),
(57, 'Negro', 'XL', 'proveedor@prozis.com', 13),
(58, 'Azul', 'M', 'proveedor@prozis.com', 14),
(59, 'Blanco', 'L', 'proveedor@prozis.com', 15),
(60, 'Rojo', 'S', 'proveedor@prozis.com', 16),
(61, 'Negro', 'M', 'proveedor@prozis.com', 17),
(62, 'Gris', 'XL', 'proveedor@prozis.com', 18),
(63, 'Verde', 'L', 'proveedor@prozis.com', 19),
(64, 'Blanco', 'XL', 'proveedor@prozis.com', 20),
(65, 'Rojo', 'S', 'proveedor@prozis.com', 21),
(66, 'Negro', 'M', 'proveedor@prozis.com', 22),
(67, 'Azul', 'L', 'proveedor@prozis.com', 23),
(68, 'Gris', 'XL', 'proveedor@prozis.com', 24),
(69, 'Verde', 'M', 'proveedor@prozis.com', 25),
(70, 'Blanco', 'S', 'proveedor@prozis.com', 26),
(71, 'Rojo', 'L', 'proveedor@prozis.com', 27),
(72, 'Negro', 'XL', 'proveedor@prozis.com', 28),
(73, 'Azul', 'S', 'proveedor@prozis.com', 29),
(74, 'Gris', 'M', 'proveedor@prozis.com', 30),
(145, 'Azul', '250', 'proveedor@myprotein.com', 31),
(146, 'Blanco', '500', 'proveedor@myprotein.com', 31),
(147, 'Negro', 'S', 'proveedor@myprotein.com', 32),
(148, 'Gris', 'M', 'proveedor@myprotein.com', 32),
(149, 'Azul', 'L', 'proveedor@myprotein.com', 32),
(150, 'Rojo', 'S', 'proveedor@myprotein.com', 33),
(151, 'Negro', 'M', 'proveedor@myprotein.com', 34),
(152, 'Verde', 'L', 'proveedor@myprotein.com', 34),
(153, 'Azul', 'XL', 'proveedor@myprotein.com', 35),
(214, 'Negro', 'L', 'proveedor@myprotein.com', 40),
(215, 'Gris', 'S', 'proveedor@myprotein.com', 35),
(216, 'Blanco', 'M', 'proveedor@myprotein.com', 35),
(217, 'Negro', 'L', 'proveedor@myprotein.com', 36),
(218, 'Blanco', 'S', 'proveedor@myprotein.com', 36),
(219, 'Azul', 'XL', 'proveedor@myprotein.com', 37),
(220, 'Rojo', 'M', 'proveedor@myprotein.com', 37),
(221, 'Gris', 'L', 'proveedor@myprotein.com', 38),
(222, 'Verde', 'M', 'proveedor@myprotein.com', 39),
(223, 'Negro', 'XL', 'proveedor@myprotein.com', 40),
(224, 'Azul', 'S', 'proveedor@myprotein.com', 40),
(225, 'Negro', 'M', 'bsn@proveedor.com', 41),
(226, 'Gris', 'L', 'bsn@proveedor.com', 41),
(227, 'Azul', 'XL', 'bsn@proveedor.com', 41),
(228, 'Negro', 'S', 'bsn@proveedor.com', 41),
(229, 'Blanco', 'S', 'bsn@proveedor.com', 42),
(230, 'Negro', 'M', 'bsn@proveedor.com', 42),
(231, 'Rosa', 'L', 'bsn@proveedor.com', 42),
(232, 'Azul', 'XL', 'proveedor@myprotein.com', 43),
(233, 'Negro', 'S', 'bsn@proveedor.com', 44),
(234, 'Gris', 'M', 'bsn@proveedor.com', 44),
(235, 'Blanco', 'L', 'proveedor@myprotein.com', 45),
(236, 'Negro', 'XL', 'proveedor@myprotein.com', 45),
(237, 'Rosa', 'S', 'bsn@proveedor.com', 46),
(238, 'Negro', 'M', 'bsn@proveedor.com', 46),
(239, 'Gris', 'L', 'proveedor@myprotein.com', 47),
(240, 'Negro', 'XL', 'proveedor@myprotein.com', 47),
(241, 'Rojo', 'M', 'bsn@proveedor.com', 48),
(242, 'Negro', 'S', 'bsn@proveedor.com', 48),
(243, 'Azul', 'XL', 'bsn@proveedor.com', 49),
(244, 'Blanco', 'S', 'bsn@proveedor.com', 49),
(245, 'Negro', 'M', 'cellucor@proveedor.com', 50),
(246, 'Azul', 'L', 'cellucor@proveedor.com', 50),
(247, 'Gris', 'XL', 'cellucor@proveedor.com', 50),
(248, 'Negro', 'S', 'cellucor@proveedor.com', 51),
(249, 'Gris', 'M', 'cellucor@proveedor.com', 51),
(250, 'Azul', 'XL', 'cellucor@proveedor.com', 52),
(251, 'Blanco', 'S', 'cellucor@proveedor.com', 52),
(252, 'Negro', 'M', 'cellucor@proveedor.com', 52),
(253, 'Gris', 'L', 'cellucor@proveedor.com', 53),
(254, 'Negro', 'XL', 'cellucor@proveedor.com', 54),
(255, 'Blanco', 'S', 'cellucor@proveedor.com', 54),
(256, 'Azul', 'M', 'cellucor@proveedor.com', 55),
(257, 'Negro', 'L', 'cellucor@proveedor.com', 55),
(258, 'Blanco', 'XL', 'cellucor@proveedor.com', 56),
(259, 'Negro', 'S', 'cellucor@proveedor.com', 56),
(260, 'Rojo', 'L', 'bsn@proveedor.com', 57),
(261, 'Negro', 'XL', 'bsn@proveedor.com', 57),
(262, 'Gris', 'M', 'bsn@proveedor.com', 58),
(263, 'Negro', 'S', 'bsn@proveedor.com', 58),
(264, 'Azul', 'XL', 'bsn@proveedor.com', 59),
(265, 'Blanco', 'S', 'bsn@proveedor.com', 59),
(266, 'Negro', 'M', 'bsn@proveedor.com', 59),
(267, 'Negro', 'L', 'cellucor@proveedor.com', 132),
(268, 'Azul', 'M', 'cellucor@proveedor.com', 132),
(269, 'Gris', 'XL', 'dymatize@proveedor.com', 133),
(270, 'Blanco', 'S', 'musclepharm@proveedor.com', 134),
(271, 'Negro', 'M', 'musclepharm@proveedor.com', 134),
(272, 'Azul', 'L', 'nowfoods@proveedor.com', 135),
(273, 'Gris', 'M', 'nowfoods@proveedor.com', 135),
(274, 'Negro', 'S', 'optimum@proveedor.com', 136),
(275, 'Blanco', 'XL', 'optimum@proveedor.com', 136),
(276, 'Rojo', 'L', 'scivation@proveedor.com', 137),
(277, 'Negro', 'XL', 'scivation@proveedor.com', 137),
(278, 'Azul', 'M', 'universal@proveedor.com', 138),
(279, 'Negro', 'L', 'cellucor@proveedor.com', 139),
(280, 'Blanco', 'S', 'cellucor@proveedor.com', 139),
(281, 'Rojo', 'XL', 'dymatize@proveedor.com', 140),
(282, 'Negro', 'S', 'dymatize@proveedor.com', 140),
(283, 'Azul', 'M', 'musclepharm@proveedor.com', 141),
(284, 'Gris', 'L', 'musclepharm@proveedor.com', 141),
(285, 'Blanco', 'S', 'nowfoods@proveedor.com', 142),
(286, 'Negro', 'M', 'nowfoods@proveedor.com', 142),
(287, 'Rojo', 'L', 'optimum@proveedor.com', 143),
(288, 'Negro', 'XL', 'optimum@proveedor.com', 143),
(289, 'Gris', 'M', 'scivation@proveedor.com', 144),
(290, 'Azul', 'S', 'scivation@proveedor.com', 144),
(291, 'Negro', 'XL', 'universal@proveedor.com', 145),
(292, 'Rojo', 'L', 'universal@proveedor.com', 145),
(293, 'Azul', 'M', 'cellucor@proveedor.com', 146),
(294, 'Blanco', 'L', 'cellucor@proveedor.com', 146),
(295, 'Negro', 'S', 'dymatize@proveedor.com', 147),
(296, 'Gris', 'XL', 'dymatize@proveedor.com', 147),
(297, 'Azul', 'M', 'musclepharm@proveedor.com', 148),
(298, 'Rojo', 'L', 'musclepharm@proveedor.com', 148),
(299, 'Negro', 'S', 'nowfoods@proveedor.com', 149),
(300, 'Blanco', 'XL', 'nowfoods@proveedor.com', 149),
(301, 'Gris', 'M', 'optimum@proveedor.com', 150),
(302, 'Azul', 'L', 'optimum@proveedor.com', 150),
(303, 'Negro', 'S', 'scivation@proveedor.com', 151),
(304, 'Rojo', 'XL', 'scivation@proveedor.com', 151),
(305, 'Blanco', 'L', 'universal@proveedor.com', 152),
(306, 'Gris', 'M', 'universal@proveedor.com', 152),
(307, 'Negro', 'S', 'cellucor@proveedor.com', 153),
(308, 'Azul', 'XL', 'cellucor@proveedor.com', 153),
(309, 'Rojo', 'M', 'dymatize@proveedor.com', 154),
(310, 'Gris', 'L', 'dymatize@proveedor.com', 154),
(311, 'Negro', 'XL', 'musclepharm@proveedor.com', 155),
(312, 'Blanco', 'S', 'musclepharm@proveedor.com', 155),
(313, 'Azul', 'M', 'nowfoods@proveedor.com', 156),
(314, 'Gris', 'L', 'nowfoods@proveedor.com', 156),
(315, 'Rojo', 'S', 'optimum@proveedor.com', 157),
(316, 'Negro', 'XL', 'optimum@proveedor.com', 157),
(317, 'Gris', 'M', 'scivation@proveedor.com', 158),
(318, 'Azul', 'L', 'scivation@proveedor.com', 158),
(319, 'Negro', 'XL', 'universal@proveedor.com', 159),
(320, 'Rojo', 'L', 'cellucor@proveedor.com', 160),
(321, 'Blanco', 'S', 'cellucor@proveedor.com', 160),
(322, 'Gris', 'M', 'dymatize@proveedor.com', 161),
(323, 'Azul', 'L', 'dymatize@proveedor.com', 161),
(324, 'Rojo', 'S', 'musclepharm@proveedor.com', 162),
(325, 'Negro', 'XL', 'musclepharm@proveedor.com', 162),
(326, 'Blanco', 'L', 'nowfoods@proveedor.com', 163),
(327, 'Gris', 'M', 'nowfoods@proveedor.com', 163),
(328, 'Azul', 'M', 'optimum@proveedor.com', 164),
(329, 'Negro', 'XL', 'optimum@proveedor.com', 164),
(330, 'Negro', 'S', 'scivation@proveedor.com', 165),
(331, 'Blanco', 'XL', 'scivation@proveedor.com', 165),
(332, 'Rojo', 'L', 'universal@proveedor.com', 166),
(333, 'Negro', 'S', 'universal@proveedor.com', 166),
(334, 'Gris', 'M', 'cellucor@proveedor.com', 167),
(335, 'Azul', 'L', 'cellucor@proveedor.com', 167),
(336, 'Negro', 'XL', 'dymatize@proveedor.com', 168),
(337, 'Blanco', 'S', 'dymatize@proveedor.com', 168),
(338, 'Rojo', 'M', 'musclepharm@proveedor.com', 169),
(339, 'Negro', 'L', 'musclepharm@proveedor.com', 169),
(340, 'Gris', 'XL', 'nowfoods@proveedor.com', 170),
(341, 'Azul', 'S', 'nowfoods@proveedor.com', 170),
(342, 'Negro', 'M', 'optimum@proveedor.com', 171),
(343, 'Blanco', 'L', 'optimum@proveedor.com', 171),
(344, 'Azul', 'XL', 'scivation@proveedor.com', 172),
(345, 'Rojo', 'S', 'scivation@proveedor.com', 172),
(346, 'Negro', 'L', 'universal@proveedor.com', 173),
(347, 'Gris', 'M', 'universal@proveedor.com', 173),
(348, 'Blanco', 'XL', 'cellucor@proveedor.com', 174),
(349, 'Negro', 'S', 'cellucor@proveedor.com', 174);

INSERT INTO `Carrito` (`idCarrito`, `fecha`, `hora`, `totalPagar`, `transaccion`, `fechaEnvio`, `fechaEntrega`, `estadoPedido`, `emailCli`, `idDireccion`) VALUES
(2, '2023-12-09', '11:52:02', 59.98, '8WC34487W77204002', '2023-12-14', '2023-12-13', 'DELIVERED', 'alebordon111@gmail.com', 1),
(7, '2023-12-09', '15:00:11', 17.99, '4TF79644M4375293M', '2023-12-14', NULL, 'CANCELED', 'alebordon111@gmail.com', 1),
(8, '2023-12-12', '01:42:44', 49.98, '1GJ75391SX216221D', '2023-12-17', '2023-12-22', 'PREPARED', 'alebordon111@gmail.com', 1),
(9, '2023-12-10', '01:55:51', 97.97, '7JW15744HD259230C', '2023-12-15', '2023-12-16', 'COMING', 'alebordon111@gmail.com', 1),
(10, '2023-12-12', '02:42:52', 59.98, '6K220914C42649050', '2023-12-17', NULL, 'COMPLETED', 'alebordon111@gmail.com', 1),
(11, '2023-12-12', '14:45:04', 49.98, '31D52113D6320801C', '2023-12-17', NULL, 'COMPLETED', 'alebordon111@gmail.com', 1);

INSERT INTO `Cantidad` (`cantidad`, `idCaracteristica`, `idCarrito`, `emailCon`) VALUES
(2, 1, 2, 'admin@amazfit.com'),
(2, 5, 9, 'admin@amazfit.com'),
(1, 34, 10, 'admin@amazfit.com'),
(2, 51, 8, 'admin@amazfit.com'),
(2, 51, 11, 'admin@amazfit.com'),
(1, 71, 7, 'admin@amazfit.com'),
(1, 245, 10, 'admin@amazfit.com'),
(1, 275, 9, 'admin@amazfit.com');